round	fit	se.fit	lwr	upr	class
17	0.009559153626109014	8.095527296490894e-4	0.008097151223598522	0.011285131711661836	nnrti
18	0.00896579372642186	7.766450787051296e-4	0.007565802575962826	0.010624842022726943	nnrti
17	0.006225882352115324	6.65336479422377e-4	0.005049358693651406	0.007676541401409309	nrti
18	0.0051002888986851	5.864777261454156e-4	0.004071138350892985	0.006389600305365366	nrti
17	0.0010079329478976358	2.702964672498645e-4	5.958894462380226e-4	0.0017048948154248984	pi
18	9.026592219727682e-4	2.4838589102298803e-4	5.263778521347826e-4	0.0015479254450163488	pi
