round	fit	se.fit	lwr	upr	class
17	0.15605830724866343	0.012323158600308238	0.1336816150044763	0.18218058826191422	nnrti
18	0.20814681287095532	0.01625734244827262	0.1786020844319464	0.24257889176452957	nnrti
17	0.10164086685703233	0.010464263456865483	0.083068113150011	0.1243662029110096	nrti
18	0.11840656955847387	0.01296345368302974	0.09553974545217968	0.14674642106538968	nrti
17	0.016455045707365164	0.004412840569716399	0.009728092013744711	0.02783367271289282	pi
18	0.020955829000021114	0.005753703392944017	0.012234777253762758	0.035893319507968	pi
