type	fit	se.fit	lwr	upr
single	0.08902936915913034	1.1388756672998734	0.06899883443113604	0.11487481836788774
multi	0.12036466873198273	1.1147574289767117	0.09728081236574036	0.14892611530104874
