round	fit	se.fit	lwr	upr	class
17	-1.8575255771506096	0.07896509207082777	-2.0122943136453215	-1.7027568406558977	nnrti
18	-1.5695116171520826	0.07810517117238629	-1.7225949396562958	-1.4164282946478695	nnrti
17	-2.286309591866894	0.10295330786173318	-2.4880943673651554	-2.0845248163686323	nrti
18	-2.1336310719357714	0.10948255431577107	-2.348212935330133	-1.91904920854141	nrti
17	-4.107123118871751	0.26817552793191224	-4.6327374951533145	-3.581508742590188	pi
18	-3.8653384374226385	0.2745633872531705	-4.403472787912176	-3.3272040869331008	pi
