round	fit	se.fit	df	lwr	upr	corr	class	n	y
17	0.5176784290458114	0.028396093928383284	342	0.46473297720366147	0.5766557766394457	exchangeable	nnrti	160	87
18	0.5149144776598111	0.028150994686254517	342	0.4624168165331062	0.5733721392130512	exchangeable	nnrti	184	87
17	0.5003529949278173	0.04099472485424624	332	0.42587390429482713	0.5878573845649863	independence	nrti	152	74
18	0.3645591503477576	0.035771112604420764	332	0.3005669292632906	0.44217563930946713	independence	nrti	182	66
17	0.03283849809928954	0.014478312955216283	340	0.013795979242676856	0.07816530732963078	exchangeable	pi	157	5
18	0.021333331578758802	0.010520883938969222	340	0.00808676807149936	0.05627848260583117	exchangeable	pi	185	4
