round	fit	se.fit	df	lwr	upr	corr	class	n	y
17	0.008798343031879667	7.5178431346484e-4	38871	0.007441607375059558	0.010402435415508057	independence	nnrti	19175	137
18	0.00785362971578795	6.863513623497082e-4	38871	0.006617274428144724	0.009320982586179447	independence	nnrti	19698	130
17	0.006097646764598852	6.573619457449206e-4	38812	0.004936224474738017	0.007532334936570363	independence	nrti	19127	87
18	0.0046425177676077175	5.390306047324343e-4	38812	0.003697598107040461	0.005828911254988779	independence	nrti	19687	74
17	8.720080377770767e-4	2.355303626168537e-4	38870	5.135737572952444e-4	0.001480601388109261	independence	pi	19173	14
18	7.598773186637466e-4	2.1082418364107338e-4	38870	4.41138022396466e-4	0.0013089180938945762	independence	pi	19699	13
