sequenced	fit	se.fit	df	lwr	upr	corr	class	n_outcome_obs
PANGEA1	0.04484592457521395	0.01093518724948147	420	0.027769430691808292	0.07242341311660558	independence	nnrti	18
PANGEA2	0.08876003201307792	0.028756555439466182	420	0.0469512781798785	0.16779827064088257	independence	nnrti	10
PANGEA1	0.012992450907909583	0.006153785166747397	415	0.005120897578637411	0.03296370958455228	independence	nrti	5
PANGEA2	0.014277131495035017	0.01416994135845638	415	0.0020293599213503546	0.10044373182992898	independence	nrti	1
PANGEA1	0.017876489200753028	0.006939038366871862	497	0.008338126488404984	0.03832621951574287	independence	pi	8
PANGEA2	2.220446049250313e-16	2.2210989847308618e-17	497	2.220446049250313e-16	2.220446049250313e-16	independence	pi	0
