var	RR	LCI	UCI	P	corr
(Intercept)	0.20376303372750004	0.19782586467595548	0.20987838967287853	0	independence
round16	0.9241416870111405	0.8983965359331162	0.9506246111966065	4.435438971661654e-8	independence
round17	0.9175215348542466	0.889516919626647	0.9464078179363207	5.246024714633535e-8	independence
round18	0.9010885870767046	0.872035014755776	0.9311101366580917	4.70852579148584e-10	independence
round19	0.8439328934924402	0.8148161875223259	0.8740900581322919	0	independence
