round	fit	se.fit	df	lwr	upr	corr	n	y
15	0.11562882274130692	0.002440636704968015	93617	0.11094280071570198	0.12051277381037208	independence	17167	1985
16	0.07325477990217867	0.0019424884271631304	93617	0.06954476825917301	0.07716270990390174	independence	17992	1318
17	0.04251137774100128	0.001450895328413392	93617	0.03976066653475982	0.045452387873281305	independence	19336	822
18	0.025349694490733658	0.0011169797062123678	93617	0.02325229806947834	0.027636279599264107	independence	19803	502
19	0.014903746636307261	8.716428032101253e-4	93617	0.013289616665387765	0.016713925570008826	independence	19324	288
