round	fit	se.fit	df	lwr	upr	corr	n	y
16	0.08136949755446848	0.0020382691288673383	76451	0.07747098590142881	0.08546419095131898	independence	17992	1464
17	0.05306164666942506	0.0016120106118667618	76451	0.04999434082655487	0.056317141114808206	independence	19336	1026
18	0.036762106751502176	0.0013372157456996714	76451	0.03423241841780309	0.03947873259535757	independence	19803	728
19	0.02344235148002484	0.0010884312819906853	76451	0.02140322191662669	0.0256757531671491	independence	19324	453
