var	RR	LCI	UCI	P	corr
(Intercept)	0.08136949755446848	0.0774710461195324	0.0854641245201584	0	independence
round17	0.6521073407624984	0.6118696347394513	0.694991154541304	0	independence
round18	0.4517922299679158	0.4168179410056605	0.48970113562508616	0	independence
round19	0.2880975326698141	0.260932245351509	0.31809095966128204	0	independence
