round	fit	se.fit	lwr	upr
16	0.008109759484511078	6.684414228400837e-4	0.006899986875420279	0.009531641158753863
17	0.010546996174100726	7.345329636500629e-4	0.009201272074952352	0.012089537988916757
18	0.011407803745366507	7.544950772666822e-4	0.010020856527842296	0.012986712855454842
19	0.008534629907390236	6.615786721217657e-4	0.007331656791337828	0.00993498601055336
