var	RR	LCI	UCI	P	corr
(Intercept)	0.008114717652290243	0.0069042081966858996	0.009537464789662484	0	independence
round17	1.3001399901382926	1.0869824477643908	1.5550977823362195	0.004067554930960782	independence
round18	1.4063843931214888	1.1581518801182746	1.7078218281817286	5.778001617631201e-4	independence
round19	1.0522368380010998	0.8481366478019756	1.3054528018757001	0.6434960602476609	independence
