round	fit	se.fit	lwr	upr
16	0.188357495972889	0.0029140795583645768	0.18273172999491866	0.19415646253753233
17	0.1870540792058712	0.00280390781060296	0.1816384644886491	0.1926311623810433
18	0.18363535409621767	0.0027508508494360827	0.17832216528444822	0.18910685174920427
19	0.17203744892152947	0.002714358573538114	0.1667988203853054	0.17744060637274914
15	0.2037274315666718	0.0030737637513229836	0.19779116912002725	0.20984185774020175
