round	fit	se.fit	lwr	upr
16	0.08137532633489294	0.0020377128488307896	0.07747790616441648	0.0854688008999345
17	0.05304518664070161	0.0016115245627473958	0.04997885354486216	0.05629964727424459
18	0.036747261622516375	0.0013366860566842327	0.03421861464226441	0.03946276758632403
19	0.023431438473979906	0.0010879306684747011	0.021393278121420972	0.025663776530356175
