round	fit	se.fit	df	lwr	upr	corr	n	y
15	0.20376303372750004	0.003074232175149556	93617	0.19782578904329162	0.20987846991348705	independence	17167	3498
16	0.18830591373943983	0.0029146636808568397	93617	0.18267898870334118	0.19410616076284865	independence	17992	3388
17	0.18695697145221346	0.0028037822277412363	93617	0.18154156787075962	0.19253391707769604	independence	19336	3615
18	0.18360854415997593	0.0027512507580743635	93617	0.17829453785772376	0.18908093256029837	independence	19803	3636
19	0.17196232664044678	0.0027145209015116186	93617	0.16672335815023454	0.17736591987878042	independence	19324	3323
