round	fit	se.fit	df	lwr	upr	corr	n	y
16	0.008114717652290243	6.688484247586118e-4	76451	0.006904190538115167	0.009537489183252965	independence	17992	146
17	0.010550268928423666	7.347596755545567e-4	76451	0.00920410943536329	0.012093312801606042	independence	19336	204
18	0.011412412260768445	7.547981182553215e-4	76451	0.010024887200290412	0.012991981955264785	independence	19803	226
19	0.00853860484371759	6.618854703467975e-4	76451	0.0073350560427791044	0.009939634033052898	independence	19324	165
