round	fit	se.fit	lwr	upr
16	0.07326556685009232	0.0019420265641083639	0.06955644726805359	0.07717247640867837
17	0.042498190466442515	0.0014504552406034515	0.0397483486134751	0.04543826991367737
18	0.025339457877395673	0.0011165345152215468	0.023242923829808075	0.02762510130919323
19	0.014896808609520642	8.712400995334669e-4	0.013283444381078154	0.016706126843486397
15	0.13080955154362864	0.002573309678320057	0.12586195191314703	0.135951639990877
