round	fit	se.fit	lwr	upr	class
15	0.09965392517171501	0.06108246716471254	0.029974634325539543	0.3313102903700233	nnrti
16	0.11029510902765624	0.05335172050968515	0.0427380611389389	0.2846411547747767	nnrti
17	0.09895578301231031	0.03921744035798108	0.045509193504521685	0.21517074326106234	nnrti
18	0.09945360274309749	0.03860658251506106	0.04647241690072473	0.21283633945080227	nnrti
19	0.08945474318460048	0.06028448643602224	0.023876450045691486	0.3351482763521965	nnrti
