round	fit	se.fit	lwr	upr	class
17	0.5246796687213933	0.04007773186342372	0.451725995357727	0.6094153482391169	nnrti
18	0.4767032877756777	0.037007688257466004	0.40941825905040075	0.5550461405976665	nnrti
18	0.36545372648522606	0.03591171448779017	0.30143115242503726	0.44307439734568405	nrti
17	0.46435741559508303	0.041407239447380416	0.3898969590804124	0.5530379357836273	nrti
18	0.02183744834346206	0.010804115678357607	0.008280726516658815	0.05758844338042301	pi
17	0.029247824836194758	0.01317786282011967	0.012094203910436675	0.07073100999318642	pi
