round	fit	se.fit	df	lwr	upr	corr	class	n	y
17	0.005835605652776876	6.258923209762967e-4	39051	0.0047292067039197685	0.007200846879138477	independence	nnrti	19292	87
18	0.005383283656905498	5.755727232640307e-4	39051	0.0043655124783657006	0.006638336982043138	independence	nnrti	19761	87
17	0.005278858655630706	6.172503844311243e-4	39041	0.004197657584203444	0.006638547367701789	independence	nrti	19284	74
18	0.004160499317204092	5.115943575898713e-4	39041	0.0032694485472380226	0.005294395772974838	independence	nrti	19759	66
17	3.455435893628976e-4	1.553799474640912e-4	39049	1.4313068523007412e-4	8.342052716219849e-4	independence	pi	19289	5
18	2.4256187871975085e-4	1.213418470847306e-4	39049	9.099024593976972e-5	6.466216724702697e-4	independence	pi	19762	4
