round	fit	se.fit	lwr	upr	class
17	0.006719905350292105	7.20346483761422e-4	0.005446503882244711	0.008291030153139907	nnrti
18	0.006569604429302688	6.992719783639247e-4	0.005332574147643981	0.008093596293749082	nnrti
17	0.005947319988899386	6.97359916452061e-4	0.004726206354340159	0.007483933708878524	nrti
18	0.005036437720681634	6.147120805438024e-4	0.003964896077641751	0.006397571189152548	nrti
17	3.745954461662638e-4	1.6962830689792256e-4	1.5420992583780157e-4	9.099397949007052e-4	pi
18	3.0094904111801997e-4	1.4929626407008951e-4	1.1382161993539388e-4	7.957216335636782e-4	pi
