var	RR	LCI	UCI	P	corr	class	s	round
(Intercept)	0.3154164835534423	0.24558660078424147	0.4051017351090059	0	independence	nnrti	round	18
(Intercept)	0.3399098464307594	0.26992388974673454	0.42804178544177995	0	independence	nnrti	round	17
(Intercept)	0.10394595818407636	0.05380579890562857	0.2008103669598236	1.602018517843362e-11	independence	nrti	round	18
(Intercept)	0.14504618761338778	0.08719997644364415	0.24126608055651075	1.0325074129013956e-13	independence	nrti	round	17
(Intercept)	0.6810002781924959	0.4676102514682178	0.9917690586169225	0.045171383328657	independence	pi	round	18
(Intercept)	0.6077958861108353	0.394608167487978	0.9361586241990544	0.02386436114606405	independence	pi	round	17
